[1,["ecpdLyjvZBwrvm+cedCcQy","a2tBXzjmRHWIetS1zkxuiC","7a/QZLET9IDreTiBfRn2PD","83y4O9ZrFM+p5I3KG7Iz7j","d0g6zXhu5Gn6dnYxjh6zR9","a4NQ/++DhK1Lg+yRzJI8jP","bbjEHFdG9BlKZYcnn+cuXC","23S18zM7tLrJCQcG3K0X6D","beq11ThlxPXYrw1QMZ2gUQ","c9ijkByOpNPZVMmIre/mWu","d0kz16NfVLXqh2rzQr/jwc","96NF2Gu/FBsYEqsfJEuyf0","edZYLypANAhLMjtEbrdB9f","b8HUDj6L9D2Yv7ct+XmEBs","7e3ZYBhZtNDLEuLBwaKBpX","a3eK+0MwVEg58hLz7T35rZ","65zxsnJPlBRI8RL3wJhb51","085aBLxapIAb2+rQzh+Nnd"],["node","_N$file","_spriteFrame","_textureSetter","_N$target","scene","_parent","hotUpdate","_N$skeletonData","manifestUrl"],[["cc.Node",["_name","_active","_opacity","_parent","_components","_contentSize","_trs","_children","_color"],0,1,9,5,7,2,5],"cc.SpriteFrame",["cc.Sprite",["_sizeMode","_isTrimmedMode","_type","node","_materials","_spriteFrame","_fillCenter"],0,1,3,6,5],["cc.Label",["_fontSize","_isSystemFontUsed","_N$verticalAlign","_string","_N$horizontalAlign","_N$overflow","_enableWrapText","_lineHeight","node","_materials","_N$file"],-5,1,3,6],["cc.Node",["_name","_id","_children","_components","_contentSize","_trs","_parent"],1,2,12,5,7,1],["cc.SceneAsset",["_name","asyncLoadAssets"],1],["cc.Node",["_name","_parent","_components","_contentSize","_anchorPoint","_trs"],2,1,2,5,5,7],["cc.Canvas",["_fitWidth","node","_designResolution"],2,1,5],["2a33dcxF+NBW6IzkrkZ/0RB",["node","designResolution"],3,1,5],["cc.Widget",["_alignFlags","node"],2,1],["cc.Button",["zoomScale","_N$transition","node","clickEvents","_N$pressedColor","_N$disabledColor","_N$target"],1,1,9,5,5,1],["cc.ClickEvent",["_componentId","handler","target"],1,1],["b5964xPIH1BUbpO82T+GdIa",["node"],3,1],["cc.Layout",["_resize","_N$layoutType","_N$spacingX","node","_layoutSize"],0,1,5],["cc.Scene",["_name","_active","_children","_anchorPoint","_trs"],1,2,5,7],["cc.Camera",["_clearFlags","_depth","node"],1,1],["sp.Skeleton",["defaultSkin","defaultAnimation","_preCacheMode","_animationName","node","_materials","_N$skeletonData"],-1,1,3,6],["cc.ProgressBar",["_N$mode","node","_N$barSprite"],2,1,1],["5b80c4/SY5LZY3WCGIiF3Ot",["node","progressBar","lbProgress","lbMessage"],3,1,1,1,1],["23d18uKhIlKJaRUKfhtzpsz",["node","loadingView"],3,1,1]],[[3,3,0,6,1,4,2,8,10,7],[6,0,1,2,3,4,5,2],[0,0,1,3,7,4,5,6,3],[0,0,3,4,5,6,2],[0,0,2,3,4,8,5,6,3],[0,0,3,4,5,2],[2,0,1,3,5,3],[10,0,1,2,3,4,5,6,3],[11,0,1,2,3],[5,0,1,3],[4,0,1,2,3,4,5,3],[4,0,6,2,3,4,5,2],[0,0,3,7,4,8,5,2],[0,0,3,7,4,5,2],[0,0,3,4,6,2],[7,0,1,2,2],[8,0,1,1],[9,0,1,2],[2,2,0,1,3,4,5,4],[2,0,3,4,2],[2,0,1,3,4,5,3],[2,2,0,3,4,6,3],[12,0,1],[13,0,1,2,3,4,4],[14,0,1,2,3,4,3],[15,0,1,2,3],[16,0,1,2,3,4,5,6,5],[3,3,0,1,4,2,8,9,10,6],[3,3,0,1,2,5,8,9,6],[3,0,7,1,4,2,8,9,6],[17,0,1,2,2],[18,0,1,2,3,1],[19,0,1,1]],[[[[9,"loadingWeb",null],[10,"Canvas","f9zJkgZT5EU7EZN1zP7Lyo",[-6,-7,-8,-9,-10,-11],[[[15,true,-1,[5,1560,720]],-2,-3,[16,-4,[5,1398,786]],[17,45,-5]],4,1,1,4,4],[5,1560,720],[780,360,0,0,0,0,1,1,1,1]],[2,"btn-retry",false,1,[-15,-16],[[6,2,false,-12,13],[7,1.1,3,-14,[[8,"23d18uKhIlKJaRUKfhtzpsz","retryClicked",1]],[4,4294967295],[4,4294967295],-13]],[5,268,78],[0,-156,0,0,0,0,1,1,1,1]],[2,"btn-retryCheckV",false,1,[-20,-21],[[6,2,false,-17,16],[7,1.1,3,-19,[[8,"23d18uKhIlKJaRUKfhtzpsz","retryCheckVersionClicked",1]],[4,4294967295],[4,4294967295],-18]],[5,203,60],[0,-156,0,0,0,0,1,1,1,1]],[12,"bg_lb",1,[-24,-25],[[18,1,0,false,-22,[6],7],[22,-23]],[4,4278190080],[5,1560,720]],[13,"New Layout",4,[-28,-29],[[19,0,-26,[5]],[23,1,1,10,-27,[5,350.68,150]]],[5,350.68,150]],[11,"progressBar",1,[-32],[[[20,0,false,-30,[9],10],-31],4,1],[5,1000,30],[0,-306.606,0,0,0,0,1,1,1,1]],[24,"New Node",false,[1],[0,0,0],[0,0,0,0,0,0,1,1,1,1]],[14,"Main Camera",1,[[25,7,-1,-33]],[0,0,531.2389269870824,0,0,0,1,1,1,1]],[3,"Logo_Iwin_sprite",4,[[26,"default","animation",0,"animation",-34,[0],1]],[5,1380,1287],[0,-300.598,0,0,0,0,1,0.4,0.4,1]],[3,"New Label",5,[[27,"Đang tải game",30,false,1,1,-35,[2],3]],[5,207.75,50.4],[-71.465,-251.233,0,0,0,0,1,1,1,1]],[1,"lbProgress",5,[-36],[5,132.93,50],[0,0,0.5],[42.41,-253.629,0,0,0,0,1,1,1,1]],[28,"0%",32,false,1,2,11,[4]],[1,"bar",6,[-37],[5,994,20],[0,0,0.5],[-496.851,0,0,0,0,0,1,1,1,1]],[21,3,0,13,[8],[0,0.5,0.5]],[30,2,6,14],[4,"Label",100,2,[[0,"Thử lại",28,false,false,1,1,-38,11]],[4,4278190080],[5,84.78,40],[-1,-2,0,0,0,0,1,1,1,1]],[5,"Label",2,[[0,"Thử lại",28,false,false,1,1,-39,12]],[5,84.78,40]],[4,"Label",100,3,[[0,"Thử lại",28,false,false,1,1,-40,14]],[4,4278190080],[5,84.78,40],[-1,-2,0,0,0,0,1,1,1,1]],[5,"Label",3,[[0,"Thử lại",28,false,false,1,1,-41,15]],[5,84.78,40]],[1,"lbMessage",1,[-42],[5,0,37.8],[0,0.5,1],[0,-315,0,0,0,0,1,1,1,1]],[29,24,30,false,1,1,20,[17]],[31,1,15,12,21],[32,1,22]],0,[0,0,1,0,-2,22,0,-3,23,0,0,1,0,0,1,0,-1,8,0,-2,4,0,-3,6,0,-4,2,0,-5,3,0,-6,20,0,0,2,0,4,2,0,0,2,0,-1,16,0,-2,17,0,0,3,0,4,3,0,0,3,0,-1,18,0,-2,19,0,0,4,0,0,4,0,-1,9,0,-2,5,0,0,5,0,0,5,0,-1,10,0,-2,11,0,0,6,0,-2,15,0,-1,13,0,0,8,0,0,9,0,0,10,0,-1,12,0,-1,14,0,0,16,0,0,17,0,0,18,0,0,19,0,-1,21,0,5,7,1,6,7,22,7,23,42],[0,0,0,0,0,0,0,0,0,0,0,0,0,0,0,0,0,0,12,14,21,23],[-1,8,-1,1,-1,-1,-1,2,-1,-1,2,1,1,2,1,1,2,-1,1,2,1,9],[2,3,0,4,0,0,0,5,0,0,6,1,1,7,1,1,8,0,9,10,11,12]],[[{"name":"vang-btn","rect":[0,0,268,78],"offset":[0,0],"originalSize":[268,78],"capInsets":[0,0,0,0]}],[1],0,[0],[3],[13]],[[{"name":"bg_new","rect":[0,0,1398,786],"offset":[0,0],"originalSize":[1398,786],"capInsets":[0,0,0,0]}],[1],0,[0],[3],[14]],[[{"name":"Back1","rect":[0,0,4000,72],"offset":[0,0],"originalSize":[4000,72],"capInsets":[0,0,0,0]}],[1],0,[0],[3],[15]],[[{"name":"button2","rect":[5,2,192,58],"offset":[-0.5,-1],"originalSize":[203,60],"capInsets":[89,0,88,0]}],[1],0,[0],[3],[16]],[[{"name":"Loading1","rect":[0,0,3984,56],"offset":[0,0],"originalSize":[3984,56],"capInsets":[0,0,0,0]}],[1],0,[0],[3],[17]]]]